15419.0,  0.277787, 26.0000,  0.00277358,  -0.00102469,  0.00104123,  -0.0403032, 0.213954
9155.00,  0.305679, 35.0000,  0.00298780,   0.00130685,  0.00128742,    0.316756, 0.364612
3331.00,  0.213123, 17.0000,  0.00344916,  -0.00106875, 0.000643411,  -0.0961663, 0.169993
19953.0,  0.123228, 13.0000,   0.0109534,  8.70473e-05, 0.000294824,   0.0892906, 0.157476
15421.0,  0.185445, 24.0000,  0.00691527,  8.96877e-07, 0.000520230,   0.0952213, 0.152058
1650.00,  0.304341, 27.0000,  0.00232827, -0.000896705,  0.00127382,   -0.577081, 0.333329
16160.0,  0.320367, 23.0000,  0.00176362, -0.000261286,  0.00143626,   -0.254420, 0.351701
6962.00, 0.0942202, 7.00000,   0.0122639, -0.000240705, 0.000204994,  -0.0489933, 0.145164
19968.0, 0.0559388, 16.0000,    0.121397, -7.75582e-05, 9.33437e-05,   -0.200355, 0.169526
20870.0,  0.267532, 32.0000,  0.00373153,  0.000234543, 0.000962687,    0.430131, 0.268538
19027.0,  0.292633, 20.0000,  0.00188863,  -0.00117829,  0.00116561,   -0.365439, 0.205656
4808.00,  0.349160, 27.0000,  0.00170661,  0.000678675,  0.00176406,   -0.198195, 0.332640
18049.0,  0.288600, 27.0000,  0.00263347,  0.000212718,  0.00113097,    0.247474, 0.249997
16163.0,  0.155041, 33.0000,   0.0151073,   0.00149090, 0.000403941,  -0.0191413, 0.193146
1658.00,  0.277296, 28.0000,  0.00299942,  0.000937590,  0.00103739,    0.154894, 0.212599
19969.0,  0.175317, 39.0000,   0.0129764,   0.00125864, 0.000479661,   -0.113954, 0.148324
15423.0,  0.395058, 28.0000,  0.00135297, -2.32312e-05,  0.00234607,    0.191478, 0.196318
9207.00,  0.350268, 16.0000,  0.00100425,  -0.00454885,  0.00177734,    0.127950, 0.297386
12898.0, 0.0835811, 7.00000,   0.0170983, -0.000306773, 0.000174554,   0.0284725, 0.140303
3368.00,  0.377482, 21.0000,  0.00111891, -0.000386338,  0.00211758,    0.126664, 0.280403
15428.0,  0.383289, 35.0000,  0.00180440,   0.00546487,  0.00219228,  -0.0790935, 0.224589
19990.0,  0.249877, 26.0000,  0.00357059,  3.66937e-05, 0.000843609,  -0.0489764, 0.180477
13610.0,  0.298307, 28.0000,  0.00252880, -0.000617930,  0.00121775,   -0.197007, 0.207401
16175.0,  0.329556, 21.0000,  0.00151042, -0.000549071,  0.00153617,   -0.551179, 0.272975
15433.0,  0.220681, 25.0000,  0.00465186,  0.000213837, 0.000680155,   0.0196771, 0.160528
20882.0,  0.314419, 28.0000,  0.00224066, -0.000331584,  0.00137388,    0.227034, 0.267159
16185.0,  0.101366, 11.0000,   0.0157599,  1.46942e-05, 0.000225495,   -0.162924, 0.158797
14536.0,  0.474318, 45.0000,  0.00149132,   0.00950217,  0.00348051,   -0.302046, 0.393559
4969.00,  0.306777, 3.00000, 0.000253994,  -0.00559670,  0.00129810,   -0.236471, 0.310250
20886.0,  0.490074, 35.0000,  0.00108734,    0.0130749,  0.00373423,   -0.230101, 0.398795
20033.0,  0.253644, 17.0000,  0.00225194,  -0.00189900, 0.000867460,   -0.270025, 0.202226
13629.0,  0.353187, 25.0000,  0.00154060,  0.000431208,  0.00181306,   -0.116614, 0.252460
4978.00,  0.282200, 24.0000,  0.00246705, -0.000863530,  0.00107717,   -0.226539, 0.247027
13633.0,  0.387655, 40.0000,  0.00201258,   0.00495528,  0.00224905,    0.367234, 0.270793
15440.0,  0.262254, 24.0000,  0.00293473, -0.000374298, 0.000925567,  -0.0525519, 0.196120
16199.0,  0.282392, 19.0000,  0.00194997,  -0.00121212,  0.00107875,   -0.187377, 0.226066
18083.0,  0.289396, 20.0000,  0.00193822, -0.000666726,  0.00113777,   -0.379348, 0.265256
19051.0,  0.277751, 10.0000,  0.00106709,  -0.00318092,  0.00104095,  -0.0296309, 0.163225
1688.00,  0.359161, 20.0000,  0.00118776,  -0.00422069,  0.00188644,   0.0378682, 0.334677
20040.0,  0.288049, 39.0000,  0.00382091,   0.00441309,  0.00112627,  -0.0330948, 0.213336
3426.00,  0.232672, 6.00000, 0.000980072,  -0.00273928, 0.000742564,    0.177147, 0.208566
7143.00,  0.305137, 9.00000, 0.000771437,  -0.00366807,  0.00128217,   0.0458052, 0.205172
20896.0,  0.361560, 63.0000,  0.00368714,   0.00766212,  0.00191608,    0.180421, 0.247752
18091.0,  0.371136, 30.0000,  0.00165833,  0.000210461,  0.00203659, -0.00315548, 0.251693
19052.0,  0.294615, 18.0000,  0.00167330,  -0.00307511,  0.00118411,   0.0361905, 0.303112
9324.00,  0.378093, 23.0000,  0.00122119,  -0.00370784,  0.00212542,   -0.295918, 0.297326
7147.00,  0.110217, 8.00000,  0.00911782, -0.000179066, 0.000253038,   -0.196082, 0.154817
15454.0,  0.383047, 19.0000, 0.000980864,  -0.00381142,  0.00218916,    0.205372, 0.295160
9326.00,  0.291077, 8.00000, 0.000764887,  -0.00393383,  0.00115219,   0.0172067, 0.271723
16206.0,  0.159729, 52.0000,   0.0220226,  0.000663633, 0.000420654,   -0.341690, 0.184548
1740.00,  0.167636, 103.000,   0.0384735,   0.00814853, 0.000450123,   -0.227686, 0.156025
3451.00,  0.249841, 20.0000,  0.00274756, -0.000221387, 0.000843383,   -0.160990, 0.175697
14548.0,  0.340280, 39.0000,  0.00261056,   0.00536857,  0.00165816,  -0.0802868, 0.200335
3452.00,  0.231138, 11.0000,  0.00182617,  -0.00167830, 0.000734504,   0.0525618, 0.166606
20046.0,  0.263952, 57.0000,  0.00686345,   0.00502929, 0.000937418,    0.154278, 0.206105
15455.0,  0.407071, 29.0000,  0.00131505,  0.000941252,  0.00250619,    0.242867, 0.285732
16211.0,  0.310991, 15.0000,  0.00123083,  -0.00306746,  0.00133963,   -0.269597, 0.272819
20047.0,  0.374257, 21.0000,  0.00113990,  -0.00207505,  0.00207606,    0.219069, 0.243012
7194.00,  0.364341, 13.0000, 0.000748174,  -0.00394950,  0.00195099,    0.427464, 0.368847
15459.0,  0.126787, 13.0000,   0.0101466, -2.43674e-05, 0.000306184,    0.496224, 0.145761
7195.00,  0.362359, 17.0000, 0.000990139,  -0.00350200,  0.00192597,    0.200963, 0.291882
13660.0,  0.370585, 24.0000,  0.00133096,  -0.00110291,  0.00202962,   -0.318983, 0.329543
20048.0,  0.185316, 19.0000,  0.00548432,  3.43879e-05, 0.000519711,  -0.0263338, 0.191572
15461.0,  0.186169, 20.0000,  0.00570575, -0.000373455, 0.000523143,  -0.0475348, 0.147895
20051.0,  0.235152, 26.0000,  0.00413822,  0.000223769, 0.000756716,    0.267115, 0.231023
7243.00,  0.204617, 9.00000,  0.00202176,  -0.00195476, 0.000603620,   0.0810147, 0.182487
1750.00,  0.259970, 26.0000,  0.00324647, -0.000122997, 0.000909800,    0.159785, 0.276822
15466.0,  0.245675, 18.0000,  0.00257542,  -0.00102223, 0.000816822,   -0.152481, 0.190175
5103.00,  0.161989, 60.0000,   0.0244973,   0.00505180, 0.000428669,  -0.0752906, 0.143922
20916.0,  0.362181, 36.0000,  0.00209902,   0.00473662,  0.00192376,  -0.0719239, 0.278780
13677.0,  0.304671, 25.0000,  0.00215043,  0.000890842,  0.00127691,  -0.0528483, 0.272157
15467.0,  0.209778, 12.0000,  0.00253270,  -0.00148680, 0.000626968,  -0.0312770, 0.156153
703.000,  0.298042, 23.0000,  0.00208151, -1.01225e-05,  0.00121532,   -0.120086, 0.223493
20064.0,  0.104840, 7.00000,  0.00914473, -2.40995e-05, 0.000236381,   -0.147460, 0.146601
12950.0, 0.0827342, 9.00000,   0.0226165,  3.46954e-06, 0.000172138,   0.0836482, 0.138131
7258.00,  0.254494, 16.0000,  0.00210249,  -0.00129348, 0.000872897,    0.415793, 0.240126
13689.0,  0.251768, 24.0000,  0.00323655, -7.27951e-05, 0.000855528,    0.216362, 0.173816
20065.0,  0.309838, 12.0000, 0.000993081,  -0.00327859,  0.00132819,  -0.0776877, 0.283826
16232.0,  0.375724, 29.0000,  0.00156085,  -0.00118451,  0.00209463,   0.0730089, 0.257729
20928.0,  0.370739, 47.0000,  0.00260411,   0.00460126,  0.00203157,   -0.230559, 0.242864
7335.00,  0.196892, 15.0000,  0.00371241,  -0.00120577, 0.000568881,   -0.258167, 0.189653
16237.0,  0.313153, 23.0000,  0.00185759, -0.000795570,  0.00136119,  0.00905285, 0.188657
13703.0,  0.235496, 8.00000,  0.00126876,  -0.00254490, 0.000758634,   -0.115999, 0.160873
20084.0,  0.139729, 9.00000,  0.00541964, -0.000328859, 0.000350076,   0.0997353, 0.152862
1794.00,  0.141910, 11.0000,  0.00635753, -0.000245799, 0.000358052,    0.277960, 0.174140
15483.0,  0.316577, 39.0000,  0.00307258,   0.00416849,  0.00139560,   -0.520298, 0.279512
16238.0,  0.335098, 26.0000,  0.00180120, -0.000656217,  0.00159875,  -0.0212271, 0.334904
12977.0,  0.247804, 33.0000,  0.00462403,   0.00178584, 0.000830695,   -0.122610, 0.194061
20088.0,  0.244533, 32.0000,  0.00463052,  0.000966334, 0.000810199, -0.00554353, 0.153280
18146.0,  0.429563, 55.0000,  0.00222899,    0.0152503,  0.00281556, -0.00642753, 0.303335
19078.0,  0.400479, 33.0000,  0.00154902, -0.000840294,  0.00241801,  -0.0989588, 0.280577
12978.0,  0.231208, 36.0000,  0.00597211,   0.00116617, 0.000734871,   -0.314545, 0.149930
20953.0,  0.304982, 22.0000,  0.00188794,  0.000131492,  0.00128068,  -0.0472900, 0.338801
13727.0,  0.226638, 32.0000,  0.00557547,   0.00126208, 0.000710992,    0.102900, 0.170582
17332.0,  0.182841, 25.0000,  0.00746830,   0.00110565, 0.000509747,   -0.173007, 0.163992
16277.0,  0.396301, 35.0000,  0.00167993,  0.000554166,  0.00236241,  -0.0244673, 0.321302
15489.0,  0.397909, 43.0000,  0.00204621,   0.00700814,  0.00238356,   -0.290033, 0.254889
3560.00,  0.518923, 53.0000,  0.00147365,   0.00673440,  0.00423693,    0.169096, 0.439393
9467.00,  0.220272, 16.0000,  0.00299089,  -0.00198433, 0.000678153,   0.0958916, 0.208095
7357.00,  0.525075, 18.0000, 0.000489344,  -0.00809333,  0.00435169,   -0.218082, 0.294880
17340.0,  0.257172, 17.0000,  0.00217844,  -0.00157968, 0.000890125,   -0.200424, 0.197670
3565.00,  0.289763, 16.0000,  0.00154600,  -0.00229655,  0.00114091,    0.202381, 0.213881
7365.00,  0.393925, 15.0000, 0.000729255,  -0.00348746,  0.00233118,    0.537699, 0.463274
16281.0,  0.186515, 11.0000,  0.00312334,  -0.00118720, 0.000524534,   -0.252936, 0.180101
5199.00,  0.221952, 7.00000,  0.00128415,  -0.00211834, 0.000686383,    0.256029, 0.213759
18175.0,  0.377082, 14.0000, 0.000747651,  -0.00580761,  0.00211245,    0.460248, 0.425538
7373.00,  0.280062, 15.0000,  0.00156971,  -0.00284722,  0.00105914,    0.212786, 0.206173
7374.00,  0.515493, 23.0000, 0.000647695,   0.00199838,  0.00417370,   -0.655953, 0.281354
20104.0,  0.178292, 22.0000,  0.00701024,  0.000258713, 0.000491485,     1.04090, 0.282678
762.000,  0.191381, 23.0000,  0.00611658, -0.000302317, 0.000545463,    0.162244, 0.163572
3592.00, 0.0865778, 19.0000,   0.0420765,  0.000830943, 0.000182998, -0.00436831, 0.138412
13736.0,  0.150207, 23.0000,   0.0114419,  0.000611231, 0.000386379,    0.103575, 0.145520
5230.00,  0.322057, 34.0000,  0.00257612,   0.00116100,  0.00145423,   0.0359765, 0.244418
19091.0,  0.381207, 17.0000, 0.000886769,  -0.00418623,  0.00216546,    0.220548, 0.357844
16298.0,  0.282787, 27.0000,  0.00276193,  0.000730771,  0.00108202,    0.133715, 0.267384
3593.00,  0.356470, 17.0000,  0.00102644,  -0.00400379,  0.00185329,    0.252889, 0.319265
13737.0,  0.394955, 27.0000,  0.00130537,  -0.00352184,  0.00234471,    0.235879, 0.260560
9594.00,  0.298235, 17.0000,  0.00153620,  -0.00249313,  0.00121709,   -0.379839, 0.332044
14644.0,  0.449299, 29.0000,  0.00107181,  -0.00277100,  0.00309973,   -0.409324, 0.357781
20111.0,  0.244187, 12.0000,  0.00174242,  -0.00204858, 0.000808196,  -0.0174707, 0.208394
5235.00,  0.252225, 36.0000,  0.00483365,   0.00131749, 0.000858425,   -0.108171, 0.192120
15503.0,  0.409642, 11.0000, 0.000492238,  -0.00813045,  0.00254069,   -0.736160, 0.337167
1979.00,  0.286893, 26.0000,  0.00257133, -0.000654236,  0.00111645,  -0.0622652, 0.313184
20125.0,  0.166236, 11.0000,  0.00419911, -0.000554310, 0.000444865,   -0.207123, 0.153906
5247.00,  0.377309, 30.0000,  0.00160002,  -0.00284166,  0.00211536,   -0.434163, 0.292625
20141.0,  0.341241, 21.0000,  0.00139686,  -0.00347926,  0.00167000,   -0.440954, 0.268443
779.000,  0.238121, 16.0000,  0.00246978,  -0.00112517, 0.000773403,  -0.0886265, 0.180744
16350.0,  0.238217, 20.0000,  0.00308419, -0.000520404, 0.000773947,   -0.156418, 0.203949
1991.00,  0.315484, 25.0000,  0.00198520,  0.000125692,  0.00138459,   -0.409185, 0.266354
13777.0,  0.489267, 14.0000, 0.000436348,  -0.00575485,  0.00372098,    0.257895, 0.549818
17393.0,  0.217400, 30.0000,  0.00579336, -3.79543e-05, 0.000664122,  -0.0940489, 0.283497
15508.0,  0.134604, 8.00000,  0.00532079, -0.000575915, 0.000332999,   0.0328590, 0.140172
16356.0,  0.399335, 21.0000, 0.000991743,  -0.00529045,  0.00240231,    0.196514, 0.304258
20171.0,  0.367851, 38.0000,  0.00214163,  -0.00106589,  0.00199512,   0.0819577, 0.194719
822.000,  0.237556, 37.0000,  0.00574454,   0.00124433, 0.000770206,    0.131620, 0.217237
7444.00,  0.250355, 20.0000,  0.00273397, -0.000961779, 0.000846610,    0.277410, 0.212661
17395.0,  0.302720, 28.0000,  0.00244442,  0.000837610,  0.00125866,    0.108038, 0.327177
19132.0,  0.380703, 85.0000,  0.00444652,    0.0150572,  0.00215897,   -0.422375, 0.375220
14671.0,  0.371526, 15.0000, 0.000827273,  -0.00292619,  0.00204152,   -0.151834, 0.342781
18189.0,  0.285824, 25.0000,  0.00249412,  3.93725e-05,  0.00110741,   -0.347809, 0.275398
16362.0,  0.180119, 17.0000,  0.00527721, -0.000923993, 0.000498803,   0.0288881, 0.205038
3674.00,  0.188168, 17.0000,  0.00471973, -0.000348934, 0.000531896,    0.453978, 0.221949
13796.0,  0.148699, 13.0000,  0.00664118, -0.000494024, 0.000381287,  -0.0182690, 0.141534
9704.00,  0.294362, 26.0000,  0.00242181, -0.000810281,  0.00118183,    0.173119, 0.463589
16393.0,  0.316430, 28.0000,  0.00220829,  0.000100429,  0.00139411,   -0.695958, 0.224483
7479.00,  0.227416, 56.0000,  0.00967512,   0.00399783, 0.000715037,   -0.689931, 0.168672
859.000,  0.278296, 14.0000,  0.00148704,  -0.00185774,  0.00104523,   -0.269152, 0.202851
21015.0,  0.329251, 33.0000,  0.00237848,   0.00162774,  0.00153276,   -0.132620, 0.302977
19144.0,  0.367440, 23.0000,  0.00129942, -0.000797509,  0.00198994,    0.145468, 0.354318
13807.0,  0.513851, 31.0000, 0.000878350,  -0.00133864,  0.00414423,   0.0439182, 0.405053
15533.0,  0.344401, 23.0000,  0.00149878,  -0.00145217,  0.00170732,    0.140405, 0.282632
19149.0,  0.211305, 14.0000,  0.00290180,  -0.00104303, 0.000634713,   -0.410944, 0.149285
5473.00,  0.277140, 14.0000,  0.00150170,  -0.00286164,  0.00103617,   0.0537272, 0.216369
15535.0,  0.200792, 20.0000,  0.00471101, -0.000194054, 0.000586433,   0.0451159, 0.198161
20217.0,  0.368842, 44.0000,  0.00246528,   0.00312725,  0.00200762,    0.256818, 0.271029
19155.0, 0.0776027, 16.0000,   0.0480858, -1.67313e-05, 0.000157132,    0.174894, 0.145305
5486.00,  0.229587, 23.0000,  0.00388197,  0.000294040, 0.000726373,    0.262296, 0.223925
16405.0,  0.275679, 23.0000,  0.00249804,  -0.00148209,  0.00102478,   -0.140512, 0.284971
18224.0,  0.339192, 7.00000, 0.000471927,  -0.00625364,  0.00164564,   -0.210610, 0.444319
13813.0,  0.236460, 17.0000,  0.00266934,  -0.00139995, 0.000764031,   0.0761767, 0.227421
9814.00,  0.536229, 29.0000, 0.000757589, -0.000191672,  0.00456925,    0.219808, 0.370624
7499.00,  0.352531, 47.0000,  0.00290825,  0.000824078,  0.00180506,    0.143291, 0.355688
13025.0,  0.224358, 16.0000,  0.00285808, -0.000904073, 0.000699203,    0.151482, 0.165960
16410.0,  0.287998, 35.0000,  0.00343044,   0.00107566,  0.00112584,    0.350035, 0.284312
7502.00,  0.449808, 19.0000, 0.000700607,  -0.00441169,  0.00310724,    0.323799, 0.406358
2078.00,  0.323773, 32.0000,  0.00239555,   0.00229061,  0.00147259,  -0.0689040, 0.314334
14708.0,  0.419382, 39.0000,  0.00166133,   0.00230343,  0.00267377,  -0.0315100, 0.249136
20227.0,  0.277301, 4.00000, 0.000428470,  -0.00425738,  0.00103743,  -0.0352333, 0.211933
15549.0,  0.448849, 45.0000,  0.00166655,   0.00254145,  0.00309310,    0.303282, 0.280466
17421.0,  0.278103, 15.0000,  0.00159586,  -0.00273843,  0.00104371,   -0.362561, 0.426216
2079.00,  0.306576, 31.0000,  0.00262856,   0.00212316,  0.00129614,   -0.439074, 0.312276
7517.00,  0.372939, 19.0000,  0.00103927,  -0.00383432,  0.00205939,    0.637021, 0.321396
21034.0,  0.108547, 19.0000,   0.0225745,  0.000565780, 0.000247864,   0.0792867, 0.147814
5533.00,  0.220282, 30.0000,  0.00560729,  0.000358077, 0.000678202,  -0.0205944, 0.155812
20231.0,  0.376684, 48.0000,  0.00256924,   0.00644647,  0.00210735,    0.196454, 0.296994
16417.0,  0.292421, 12.0000,  0.00113509,  -0.00375798,  0.00116378,   0.0535927, 0.268465
17423.0,  0.265158, 10.0000,  0.00119110,  -0.00270370, 0.000945892,    0.212870, 0.235126
15553.0,  0.335192, 46.0000,  0.00318474,   0.00298327,  0.00159982,    0.388421, 0.262970
19165.0,  0.416755, 15.0000, 0.000647420,  -0.00645866,  0.00263781,  -0.0419625, 0.288751
18254.0,  0.319944, 21.0000,  0.00161510,  -0.00176433,  0.00143178,    0.305302, 0.404966
21046.0,  0.427740, 28.0000,  0.00114479,  -0.00396735,  0.00279001,   -0.411409, 0.335264
20232.0,  0.217716, 40.0000,  0.00769668,  0.000611677, 0.000665663,   -0.233953, 0.188536
2081.00,  0.251664, 26.0000,  0.00350975,  0.000319379, 0.000854869,    0.240290, 0.242257
21060.0,  0.409255, 34.0000,  0.00152449,   0.00289249,  0.00253550,   0.0531583, 0.305313
13833.0,  0.516581, 23.0000, 0.000645078,  0.000601257,  0.00419329,    0.440738, 0.375485
15558.0,  0.305943, 20.0000,  0.00170393,  -0.00186614,  0.00128998,   -0.221607, 0.362630
21062.0,  0.138642, 33.0000,   0.0202883,  0.000987137, 0.000346485,    0.364053, 0.160405
9954.00,  0.228429, 27.0000,  0.00461407,  0.000403726, 0.000720319,    0.164687, 0.174921
16432.0,  0.399981, 53.0000,  0.00249440,    0.0124238,  0.00241137,  -0.0805857, 0.279093
5549.00,  0.121242, 23.0000,   0.0202463,  0.000717337, 0.000288414,   0.0137152, 0.138212
13835.0,  0.247488, 34.0000,  0.00477888,  0.000998001, 0.000828742,  0.00974050, 0.159692
13044.0,  0.125883, 14.0000,   0.0111390,  7.29351e-05, 0.000303318,   0.0285014, 0.139183
5550.00,  0.156291, 41.0000,   0.0183794,   0.00200301, 0.000408401,    0.148557, 0.150874
21069.0,  0.473334, 18.0000, 0.000599002,  -0.00469825,  0.00346505,    0.815790, 0.413795
16434.0,  0.345377, 32.0000,  0.00207217,  0.000587133,  0.00171891,  -0.0386158, 0.299777
18273.0,  0.316181, 25.0000,  0.00197523,  -0.00128309,  0.00139161,  -0.0215845, 0.282393
9962.00,  0.325121, 25.0000,  0.00185400, -0.000435345,  0.00148709,  -0.0157258, 0.323546
20265.0,  0.375684, 62.0000,  0.00333777,   0.00980327,  0.00209412,   0.0997284, 0.479418
16439.0,  0.396513, 25.0000,  0.00119858,  -0.00180695,  0.00236520,   0.0523072, 0.322099
14752.0,  0.428710, 37.0000,  0.00150568,   0.00561563,  0.00280360,   0.0833393, 0.415758
7600.00,  0.188077, 5.00000,  0.00138987,  -0.00195307, 0.000531513,   -0.302582, 0.177682
10028.0, 0.0653916, 8.00000,   0.0389396,  8.22507e-05, 0.000122387,   -0.222514, 0.166072
5588.00,  0.411141, 16.0000, 0.000710503,  -0.00547738,  0.00256082,    0.146522, 0.321812
20267.0,  0.401202, 29.0000,  0.00135606,   0.00297224,  0.00242765,   -0.391075, 0.262620
10037.0,  0.253816, 36.0000,  0.00476104,   0.00174347, 0.000868559,   -0.116028, 0.283209
14762.0,  0.308070, 17.0000,  0.00142546,  -0.00226471,  0.00131076,   -0.549692, 0.240999
5590.00,  0.447846, 17.0000, 0.000632460,  -0.00542921,  0.00307834,    0.370360, 0.292232
19246.0,  0.335217, 27.0000,  0.00186899,  -0.00121141,  0.00160010,  -0.0367442, 0.442538
18276.0,  0.284620, 13.0000,  0.00130983,  -0.00242633,  0.00109730,   -0.110644, 0.247621
20268.0,  0.441176, 42.0000,  0.00161118,   0.00644342,  0.00298113,   -0.108673, 0.326564
16442.0,  0.280828, 56.0000,  0.00582274,   0.00596000,  0.00106520,   -0.358294, 0.297914
14763.0,  0.375042, 26.0000,  0.00140491,  0.000619517,  0.00208600,   -0.387194, 0.293406
2149.00,  0.295639, 32.0000,  0.00295088,  0.000927428,  0.00119338,    0.346189, 0.242225
20272.0,  0.410540, 25.0000,  0.00111358,  -0.00151368,  0.00255275,    0.249408, 0.309462
3811.00,  0.419444, 44.0000,  0.00187375,   0.00751278,  0.00267462,  -0.0975423, 0.351312
2181.00,  0.378640, 50.0000,  0.00264647,   0.00369071,  0.00213244,   -0.107810, 0.265010
15584.0,  0.284218, 68.0000,  0.00687412,   0.00714020,  0.00109393,  -0.0961312, 0.186459
20273.0,  0.469041, 39.0000,  0.00132165,   0.00710896,  0.00339769,   -0.119325, 0.320501
13864.0,  0.300850, 11.0000, 0.000974142,  -0.00458396,  0.00124125, -0.00772545, 0.192871
19274.0,  0.254586, 16.0000,  0.00210066,  -0.00162146, 0.000873487,    0.144940, 0.233208
15592.0,  0.415635, 10.0000, 0.000434051,  -0.00732636,  0.00262250,   -0.165967, 0.240873
20276.0,  0.346981, 21.0000,  0.00134593,  -0.00209523,  0.00173801,  -0.0190862, 0.252027
21152.0,  0.359687, 31.0000,  0.00183511,  0.000977079,  0.00189294,    0.125521, 0.392863
19282.0,  0.186301, 18.0000,  0.00512590, -7.58000e-05, 0.000523674,  0.00993217, 0.153677
7644.00,  0.310062, 40.0000,  0.00330479,   0.00249045,  0.00133041,    0.269604, 0.281727
18283.0,  0.299249, 21.0000,  0.00188281,  -0.00210415,  0.00122643,   -0.479778, 0.263459
3825.00,  0.313434, 17.0000,  0.00137019,  -0.00262834,  0.00136401,   -0.137085, 0.352541
7654.00,  0.402124, 20.0000, 0.000930677,  -0.00442307,  0.00243996,    0.276596, 0.281457
14784.0,  0.192320, 21.0000,  0.00551579,  0.000384192, 0.000549446,    0.194881, 0.173784
16460.0,  0.281988, 23.0000,  0.00236844,  -0.00103642,  0.00107542,    0.282646, 0.461537
21165.0,  0.507920, 29.0000, 0.000840287,   0.00162787,  0.00403880,   0.0568176, 0.538256
16462.0,  0.244616, 28.0000,  0.00404837,  2.47352e-05, 0.000810680,   -0.369521, 0.198027
7663.00,  0.488121, 32.0000,  0.00100198,   0.00185741,  0.00370219,   -0.131573, 0.484638
2280.00,  0.350224, 19.0000,  0.00119288,  -0.00331416,  0.00177681,    0.136178, 0.400688
15603.0,  0.262587, 12.0000,  0.00146292,  -0.00254840, 0.000927883,   -0.269338, 0.231624
2290.00,  0.330463, 19.0000,  0.00135813,  -0.00217655,  0.00154632,   0.0405371, 0.299053
14809.0,  0.371489, 46.0000,  0.00253752,   0.00318140,  0.00204105,    0.477460, 0.325902
13896.0,  0.157317, 18.0000,  0.00793211,  0.000308968, 0.000412062,    0.475001, 0.170027
16467.0,  0.221151, 26.0000,  0.00481253, -0.000267615, 0.000682457,   -0.217738, 0.212850
18301.0,  0.331565, 12.0000, 0.000851363,  -0.00440719,  0.00155870,   -0.131997, 0.334414
20319.0,  0.318863, 41.0000,  0.00317765,   0.00391710,  0.00142038,   -0.302834, 0.310271
7680.00,  0.378940, 56.0000,  0.00295898,   0.00555891,  0.00213630,    0.160267, 0.383213
5747.00,  0.433032, 42.0000,  0.00167409,    0.0109805,  0.00286430,   -0.388307, 0.364740
13096.0,  0.392006, 19.0000, 0.000933405,  -0.00206239,  0.00230599,    0.666042, 0.259323
5751.00,  0.130555, 25.0000,   0.0180402,  0.000596700, 0.000319341,  -0.0369612, 0.138002
7699.00,  0.406559, 29.0000,  0.00131855,  -0.00556347,  0.00249933,    0.388334, 0.248277
13101.0,  0.368376, 12.0000, 0.000674204,  -0.00551913,  0.00200174,   -0.243601, 0.380657
15628.0,  0.448918, 53.0000,  0.00196221,   0.00364990,  0.00309411,    0.681923, 0.377489
18304.0,  0.258847, 18.0000,  0.00227097,  -0.00137042, 0.000902133,   -0.219699, 0.224944
13901.0,  0.431273, 26.0000,  0.00104508,  -0.00268029,  0.00283957,    0.429307, 0.527220
7701.00,  0.360618, 19.0000,  0.00111838,  -0.00307344,  0.00190444,  -0.0950468, 0.246131
5776.00,  0.238652, 21.0000,  0.00322403, -0.000967921, 0.000776416,    0.418404, 0.223086
16472.0,  0.309946, 13.0000,  0.00107498,  -0.00345993,  0.00132926,   -0.196336, 0.245653
14823.0,  0.349572, 34.0000,  0.00214346,   0.00101967,  0.00176900,   -0.368894, 0.231884
15633.0,  0.451021, 35.0000,  0.00128355,   0.00131526,  0.00312516,    0.323644, 0.306951
13902.0,  0.325011, 9.00000, 0.000667951,  -0.00491334,  0.00148591,    0.121173, 0.304621
16473.0,  0.217547, 20.0000,  0.00385576,  -0.00101391, 0.000664839,   -0.147488, 0.201915
7717.00,  0.332633, 20.0000,  0.00140871,  -0.00254149,  0.00157076,    0.473024, 0.286231
13904.0,  0.217646, 30.0000,  0.00577712,  0.000390747, 0.000665321,    0.265173, 0.170521
2330.00,  0.213354, 36.0000,  0.00728442,   0.00187642, 0.000644522,    0.202904, 0.227075
19332.0,  0.250581, 39.0000,  0.00531965,   0.00298037, 0.000848032,  0.00203647, 0.255759
16477.0,  0.401058, 30.0000,  0.00140389,  -0.00191875,  0.00242573,    0.161755, 0.329182
5792.00,  0.377728, 16.0000, 0.000851299,  -0.00552120,  0.00212073,   -0.120543, 0.275282
14827.0,  0.410778, 22.0000, 0.000978758,  -0.00349278,  0.00255594,    0.303404, 0.329362
2331.00,  0.262783, 36.0000,  0.00438096,   0.00171627, 0.000929248,  -0.0551704, 0.232969
19334.0,  0.239028, 11.0000,  0.00168231,  -0.00203258, 0.000778554,    0.431703, 0.315595
10324.0,  0.251725, 36.0000,  0.00485682,   0.00146219, 0.000855255,   -0.308214, 0.237058
13907.0,  0.197127, 37.0000,  0.00912973,   0.00203946, 0.000569880,   -0.167163, 0.159189
5802.00,  0.300656, 36.0000,  0.00319286,   0.00357827,  0.00123945,   -0.132106, 0.186923
18324.0,  0.266984, 30.0000,  0.00351541,   0.00115484, 0.000958798,   -0.126489, 0.249024
15663.0,  0.292197, 12.0000,  0.00113712,  -0.00335504,  0.00116184,   -0.196903, 0.230709
3887.00,  0.298629, 31.0000,  0.00279276,   0.00125711,  0.00122071,   -0.409330, 0.387858
16482.0,  0.209989, 13.0000,  0.00273688,  -0.00155470, 0.000627923,   -0.263802, 0.245628
19335.0,  0.350692, 21.0000,  0.00131455,  -0.00338009,  0.00178242,   -0.106959, 0.292288
13908.0,  0.239774, 22.0000,  0.00333919, -0.000509506, 0.000782807,   0.0637789, 0.192208
20364.0,  0.218458, 16.0000,  0.00305280,  -0.00108755, 0.000669283,    0.141031, 0.282100
18325.0,  0.258663, 25.0000,  0.00315950, -0.000389148, 0.000900883,   0.0809521, 0.191486
1112.00,  0.257608, 37.0000,  0.00472209,   0.00131533, 0.000892942,   0.0378464, 0.233318
13909.0,  0.293290, 31.0000,  0.00291214,  0.000514539,  0.00117221,    0.356924, 0.188968
19341.0,  0.236763, 24.0000,  0.00375672,  0.000254802, 0.000765734,   -0.188497, 0.190234
10434.0,  0.104161, 3.00000,  0.00398946, -0.000519304, 0.000233234,    0.134001, 0.152850
15675.0,  0.234705, 29.0000,  0.00463722,  0.000941722, 0.000754230,   0.0648103, 0.186957
21306.0,  0.347123, 22.0000,  0.00140874, -0.000325174,  0.00173971,   -0.130565, 0.240082
20376.0,  0.209610, 26.0000,  0.00549851,  0.000226843, 0.000626208,   -0.498900, 0.198233
1119.00,  0.297805, 25.0000,  0.00226669, -0.000576454,  0.00121314,    0.289802, 0.395588
7802.00,  0.407556, 20.0000, 0.000904656,  -0.00288254,  0.00251270,    0.384994, 0.265796
3901.00, 0.0628607, 6.00000,   0.0326617,  9.45944e-05, 0.000115457, 0.000458014, 0.151957
13152.0,  0.203548, 26.0000,  0.00591795,  0.000601084, 0.000598801,   -0.242993, 0.150398
10449.0,  0.242027, 26.0000,  0.00385756,  0.000154171, 0.000795726,   -0.154173, 0.243639
14846.0,  0.224756, 35.0000,  0.00622477,   0.00175990, 0.000701253,    0.104772, 0.170790
7804.00,  0.369048, 37.0000,  0.00207055,   0.00172414,  0.00201021,  -0.0641797, 0.293092
15693.0,  0.341212, 19.0000,  0.00126407,  -0.00354606,  0.00166966,    0.458271, 0.495256
18333.0,  0.253975, 25.0000,  0.00330130, -0.000119243, 0.000869575,   -0.309522, 0.236765
16551.0,  0.300106, 35.0000,  0.00311733,   0.00141047,  0.00123435,   -0.370817, 0.272523
2372.00,  0.180465, 9.00000,  0.00278011,  -0.00111100, 0.000500192,   -0.118818, 0.150055
19347.0,  0.259043, 52.0000,  0.00654869,   0.00467687, 0.000903467,    0.110102, 0.187710
18339.0,  0.345930, 27.0000,  0.00174219,  -0.00200574,  0.00172549,    0.196702, 0.293005
5879.00,  0.153204, 38.0000,   0.0179483,   0.00207452, 0.000397392,    0.742803, 0.225102
7841.00,  0.428635, 34.0000,  0.00138410,  0.000289927,  0.00280255, -0.00440421, 0.345874
21347.0,  0.486695, 23.0000, 0.000724329,  0.000965762,  0.00367888,   -0.595867, 0.466617
16554.0,  0.509847, 19.0000, 0.000546520,  -0.00620729,  0.00407286,    0.277198, 0.525686
15704.0,  0.370549, 25.0000,  0.00138671,   0.00261316,  0.00202917,    0.273478, 0.241325
10550.0,  0.300813, 18.0000,  0.00159450,  -0.00233037,  0.00124090,    0.235595, 0.363953
18362.0,  0.236261, 32.0000,  0.00503498, -0.000116651, 0.000762914,   -0.168796, 0.202885
7847.00,  0.212659, 40.0000,  0.00815985,   0.00128318, 0.000641184,   -0.168435, 0.165960
19353.0,  0.154056, 24.0000,   0.0111721,  0.000195453, 0.000400428,   0.0649097, 0.148974
10559.0,  0.281092, 10.0000,  0.00103748,  -0.00326597,  0.00106729,   0.0804856, 0.298823
5890.00,  0.179972, 10.0000,  0.00311074, -0.000805294, 0.000498213,    0.126457, 0.162935
15719.0,  0.268672, 39.0000,  0.00450208,   0.00155497, 0.000970796,  -0.0689655, 0.192320
18363.0,  0.308529, 30.0000,  0.00250693,  0.000137997,  0.00131527,    0.207692, 0.316232
5897.00,  0.368966, 24.0000,  0.00134371,  -0.00206181,  0.00200918,  -0.0788522, 0.266089
7857.00,  0.371262, 15.0000, 0.000828553,  -0.00273964,  0.00203818,    0.134562, 0.333456
5909.00,  0.347576, 17.0000,  0.00108543,  -0.00343232,  0.00174512,    0.432136, 0.361264
20400.0,  0.293582, 25.0000,  0.00234307,  -0.00105066,  0.00117482,  -0.0263661, 0.361613
19365.0,  0.379667, 42.0000,  0.00221007,   0.00552046,  0.00214564,    0.365552, 0.266602
3945.00,  0.262001, 8.00000, 0.000980500,  -0.00277436, 0.000923810,    0.411260, 0.249340
5916.00,  0.174074, 26.0000,  0.00881089,  0.000671036, 0.000474340,   -0.205973, 0.150780
15725.0,  0.395018, 18.0000, 0.000869951,  -0.00401638,  0.00234554,    0.921619, 0.418798
13174.0,  0.236133, 28.0000,  0.00441144,  0.000474870, 0.000762197,   -0.132281, 0.176356
5917.00,  0.296412, 36.0000,  0.00329969,   0.00110061,  0.00120040,   -0.168270, 0.186486
14894.0,  0.437768, 16.0000, 0.000623625,  -0.00495781,  0.00293214,   -0.134008, 0.438386
7876.00, 0.0760230, 11.0000,   0.0350206,  0.000268037, 0.000152920,  0.00907794, 0.142551
16584.0,  0.393346, 25.0000,  0.00121925,   0.00176673,  0.00232358,    0.249318, 0.381400
18374.0,  0.319838, 23.0000,  0.00177025,  -0.00169415,  0.00143066,  0.00420093, 0.233462
7882.00,  0.335924, 35.0000,  0.00241134,   0.00123898,  0.00160817,  0.00167807, 0.229510
21385.0,  0.323596, 35.0000,  0.00262338,   0.00443465,  0.00147069,    0.249509, 0.400039
16586.0,  0.319595, 40.0000,  0.00308402,   0.00477570,  0.00142809,   -0.454492, 0.278168
3975.00,  0.393544, 41.0000,  0.00199742,   0.00199052,  0.00232618,   -0.116181, 0.232695
15737.0,  0.332983, 18.0000,  0.00126485,  -0.00185871,  0.00157472,   -0.422845, 0.329354
7884.00,  0.441372, 36.0000,  0.00137976,  0.000939432,  0.00298396,    0.130483, 0.283742
18375.0,  0.110509, 10.0000,   0.0113155, -0.000334881, 0.000253941,   -0.257167, 0.139937
5925.00,  0.396531, 8.00000, 0.000383509,  -0.00736021,  0.00236543,   0.0139674, 0.293952
2440.00,  0.191139, 16.0000,  0.00426870, -0.000854629, 0.000544438,    0.201894, 0.161729
16590.0,  0.306370, 34.0000,  0.00288740,  6.75324e-06,  0.00129414,   -0.147395, 0.487484
14916.0,  0.310985, 31.0000,  0.00254382,   0.00122342,  0.00133957,    0.425276, 0.411333
1166.00,  0.382077, 32.0000,  0.00166103,   0.00116259,  0.00217666,   -0.112003, 0.316527
10805.0, 0.0452483, 1.00000,   0.0139417, -5.14201e-05, 6.05653e-05,   -0.134415, 0.198770
17552.0,  0.253291, 32.0000,  0.00425317,   0.00127024, 0.000865208,    0.114588, 0.196823
13956.0,  0.429140, 45.0000,  0.00182744,   0.00348145,  0.00280963,    0.358885, 0.285876
3983.00,  0.308008, 106.000,  0.00889227,    0.0128460,  0.00131015,    0.141954, 0.265351
21388.0,  0.566650, 56.0000,  0.00132008,    0.0122241,  0.00523399,    0.472001, 0.529190
2464.00,  0.319880, 21.0000,  0.00161583,  -0.00163852,  0.00143110,   -0.514559, 0.324545
5944.00, 0.0459153, 6.00000,   0.0801971,  6.46373e-06, 6.63555e-05,    0.115546, 0.152192
16606.0,  0.225601, 12.0000,  0.00211455,  -0.00157531, 0.000705617,   0.0134489, 0.268011
15743.0,  0.568893, 32.0000, 0.000748884,  0.000824703,  0.00528788,   -0.684520, 0.569371
20434.0,  0.280855, 37.0000,  0.00384630, -0.000937689,  0.00106541,    0.513159, 0.383398
19414.0,  0.291833, 28.0000,  0.00266098,  0.000394352,  0.00115870,    0.161922, 0.347857
21391.0,  0.432962, 46.0000,  0.00183413,    0.0112949,  0.00286331,   -0.362124, 0.418768
20435.0,  0.340192, 30.0000,  0.00200928,  -0.00108962,  0.00165715,    0.266934, 0.340741
19417.0,  0.403970, 26.0000,  0.00119821,   0.00110389,  0.00246464,    0.415276, 0.304290
5957.00,  0.280304, 26.0000,  0.00271531, -0.000911337,  0.00106105,   0.0685832, 0.179551
15755.0,  0.281113, 40.0000,  0.00414920,   0.00361316,  0.00106746,   -0.251988, 0.191992
4000.00,  0.277701, 35.0000,  0.00373640,   0.00167601,  0.00104056,   0.0301517, 0.253559
5959.00,  0.207705, 23.0000,  0.00497638, -0.000168562, 0.000617582,   0.0180377, 0.153283
19424.0,  0.364553, 43.0000,  0.00247158,   0.00787650,  0.00195365,    0.212373, 0.309477
4019.00,  0.181404, 27.0000,  0.00823022,   0.00166467, 0.000503965,  -0.0406317, 0.160871
5963.00,  0.236918, 23.0000,  0.00359444, -0.000236803, 0.000766607,   -0.211797, 0.171369
15756.0,  0.386701, 16.0000, 0.000809301,  -0.00330706,  0.00223626,    0.602889, 0.275061
20447.0,  0.419368, 44.0000,  0.00187446,   0.00312318,  0.00267358,    0.423551, 0.330587
19425.0,  0.211402, 12.0000,  0.00248441,  -0.00149840, 0.000635175,  -0.0955299, 0.201629
5966.00,  0.309632, 22.0000,  0.00182343,  -0.00192013,  0.00132616,   -0.105556, 0.278867
4028.00,  0.345246, 34.0000,  0.00220354, -2.78012e-05,  0.00171735,    0.129443, 0.312306
16640.0,  0.340292, 29.0000,  0.00194103,  6.84811e-05,  0.00165830,    0.149063, 0.336860
18415.0,  0.130767, 9.00000,  0.00646636, -0.000333441, 0.000320057,   -0.133672, 0.152332
14961.0,  0.370501, 24.0000,  0.00133162,  -0.00174119,  0.00202856,   -0.334849, 0.276164
5978.00,  0.280661, 23.0000,  0.00239483, -0.000750923,  0.00106388,    0.112169, 0.348555
4035.00,  0.427714, 52.0000,  0.00212631,   0.00759028,  0.00278965,    0.349956, 0.237429
2532.00,  0.268893, 23.0000,  0.00264989, -0.000535860, 0.000972372,    0.268190, 0.247470
20467.0,  0.270950, 15.0000,  0.00169723,  -0.00259256, 0.000988543,    0.153060, 0.208192
16652.0,  0.239340, 63.0000,  0.00960450,   0.00666095, 0.000780331,    0.508677, 0.272678
18430.0,  0.389724, 20.0000, 0.000994878,  0.000875590,  0.00227609,  -0.0766023, 0.314373
14965.0,  0.280999, 35.0000,  0.00363401,   0.00246659,  0.00106655,   -0.234229, 0.201559
15761.0,  0.355011, 26.0000,  0.00158411,  -0.00148788,  0.00183538,    0.156455, 0.287814
15765.0,  0.305139, 32.0000,  0.00274285,   0.00178654,  0.00128219,   -0.134242, 0.249140
8004.00,  0.351569, 22.0000,  0.00136956,  -0.00106307,  0.00179295,   0.0220779, 0.383588
5993.00,  0.377678, 31.0000,  0.00164986,  -0.00108989,  0.00212009,   -0.242118, 0.257320
21420.0,  0.378479, 24.0000,  0.00127148,  -0.00257893,  0.00213038,    0.231436, 0.335132
14024.0,  0.148812, 31.0000,   0.0158050,  0.000498313, 0.000381670,   -0.258369, 0.156289
4079.00,  0.371731, 38.0000,  0.00209324,   0.00135952,  0.00204411,   0.0271573, 0.255350
19449.0,  0.330917, 25.0000,  0.00178150, -0.000884541,  0.00155141,    0.249325, 0.258444
4110.00,  0.373667, 14.0000, 0.000762541,  -0.00524545,  0.00206860,    0.319251, 0.275427
18456.0,  0.219935, 29.0000,  0.00544158,  0.000428415, 0.000676503,   -0.246747, 0.169095
15776.0,  0.316961, 64.0000,  0.00502828,   0.00872649,  0.00140047,   -0.163738, 0.219561
8046.00,  0.258570, 19.0000,  0.00240329,  -0.00113464, 0.000900251,   0.0641125, 0.204242
6120.00,  0.470141, 56.0000,  0.00188890,   0.00526384,  0.00341461,   -0.157520, 0.364241
4129.00,  0.360407, 27.0000,  0.00159132,  -0.00357492,  0.00190183,    0.433628, 0.413410
11172.0,  0.136329, 48.0000,   0.0308602,   0.00120798, 0.000338784,    0.236677, 0.180875
1241.00, 0.0897898, 6.00000,   0.0120098, -0.000135522, 0.000191803,   -0.161704, 0.141190
16721.0,  0.367298, 12.0000, 0.000678529,  -0.00549298,  0.00198815,    0.286939, 0.352267
6121.00,  0.356765, 30.0000,  0.00180807,   0.00122612,  0.00185692,   -0.246158, 0.347998
11181.0,  0.343940, 23.0000,  0.00150326,   0.00348643,  0.00170185,   -0.121813, 0.362343
14046.0,  0.474334, 34.0000,  0.00112670,  -0.00251628,  0.00348076,   -0.128279, 0.553539
20489.0,  0.379401, 20.0000,  0.00105401,  4.32525e-05,  0.00214222,    0.140287, 0.276552
8062.00,  0.554141, 23.0000, 0.000565002,  -0.00686376,  0.00494658,   0.0604220, 0.341994
17647.0,  0.274636, 25.0000,  0.00273968, -0.000334664,  0.00101670,   0.0908176, 0.203983
18463.0,  0.268221, 30.0000,  0.00347699,  0.000108332, 0.000967585,   0.0983417, 0.203090
14074.0,  0.261920, 9.00000,  0.00110388,  -0.00301736, 0.000923248,    0.168802, 0.226730
15782.0,  0.307469, 18.0000,  0.00151609,  -0.00237241,  0.00130487,   -0.130624, 0.303145
13305.0,  0.214812, 27.0000,  0.00537149,   0.00109775, 0.000651555,   0.0415665, 0.163039
8114.00,  0.371314, 13.0000, 0.000717860,  -0.00495001,  0.00203884,    0.111030, 0.306127
18473.0,  0.362207, 27.0000,  0.00157402,  -0.00144861,  0.00192409,   -0.290548, 0.304039
15784.0,  0.277568, 16.0000,  0.00171000,  -0.00251083,  0.00103952,   -0.183678, 0.192323
15006.0,  0.479790, 22.0000, 0.000712671,  -0.00439301,  0.00356697,    0.189672, 0.444118
16739.0,  0.265638, 14.0000,  0.00166038,  -0.00177751, 0.000949276,    0.255121, 0.204630
8128.00,  0.439722, 39.0000,  0.00150625,   0.00733307,  0.00296020,   0.0187587, 0.353790
21487.0,  0.189116, 8.00000,  0.00219284,  -0.00132606, 0.000535886,   -0.296652, 0.162664
18588.0,  0.251315, 13.0000,  0.00176075,  -0.00247229, 0.000852662,    0.533592, 0.312037
15795.0,  0.509764, 42.0000,  0.00120848,   0.00911537,  0.00407139,    0.427107, 0.370131
15009.0,  0.292201, 21.0000,  0.00198989,  -0.00116692,  0.00116188,    0.385978, 0.409538
15802.0,  0.342489, 38.0000,  0.00250715,   0.00251216,  0.00168469,   0.0234331, 0.253992
14093.0,  0.453804, 16.0000, 0.000579488,  -0.00827901,  0.00316641,  -0.0422306, 0.244062
8160.00,  0.408152, 20.0000, 0.000901873,  -0.00125068,  0.00252070,   -0.479772, 0.313695
4206.00,  0.290675, 35.0000,  0.00335718,  0.000533417,  0.00114874,   -0.213604, 0.260757
18602.0,  0.138340, 11.0000,  0.00680206, -0.000259512, 0.000345483,    0.122410, 0.145543
6192.00,  0.272471, 4.00000, 0.000446631,  -0.00394504,  0.00100008,   -0.102795, 0.236684
20514.0,  0.404404, 23.0000,  0.00105755,  -0.00305660,  0.00247045,    0.231667, 0.338287
15803.0,  0.429323, 27.0000,  0.00109550,  -0.00224552,  0.00281219,  -0.0202722, 0.396745
8195.00,  0.268761, 37.0000,  0.00426784,   0.00231392, 0.000971431,   0.0207185, 0.286151
6196.00,  0.281345, 26.0000,  0.00269175, -0.000218074,  0.00106930,   -0.448081, 0.203516
18604.0,  0.176261, 38.0000,   0.0124703,   0.00205627, 0.000483397,   0.0419694, 0.154553
8213.00,  0.186112, 28.0000,  0.00799429,   0.00103976, 0.000522914,   -0.236306, 0.169007
17687.0,  0.303225, 39.0000,  0.00339166,   0.00262918,  0.00126337,    0.427858, 0.527619
19494.0,  0.516286, 25.0000, 0.000701941,  -0.00856923,  0.00418798,   -0.381121, 0.352308
8216.00,  0.291349, 16.0000,  0.00152645,  -0.00174036,  0.00115453,  -0.0734830, 0.267456
18606.0,  0.338532, 14.0000, 0.000947975,  -0.00510446,  0.00163805,  -0.0821113, 0.360439
20528.0,  0.135691, 12.0000,  0.00781199,  0.000156132, 0.000336648,   -0.151105, 0.146612
8236.00,  0.193779, 11.0000,  0.00283442,  -0.00109698, 0.000555644,    0.715558,  1.06966
15806.0,  0.251752, 21.0000,  0.00283241, -0.000700053, 0.000855426,   -0.276199, 0.212846
14113.0,  0.242319, 40.0000,  0.00591734,   0.00131269, 0.000797407,   -0.632250, 0.205026
4236.00,  0.344426, 27.0000,  0.00175916,  -0.00158593,  0.00170761,   -0.396133, 0.214929
17695.0,  0.182906, 28.0000,  0.00835690,  0.000424731, 0.000510009,   -0.295632, 0.175832
2639.00,  0.216312, 19.0000,  0.00371512, -0.000443925, 0.000658828,   -0.285940, 0.168871
8254.00,  0.189195, 29.0000,  0.00794059,  0.000499008, 0.000536219,   0.0748933, 0.186148
18612.0,  0.114892, 8.00000,  0.00814474, -0.000188337, 0.000267369,   -0.171657, 0.141881
6249.00,  0.295061, 24.0000,  0.00222324,  0.000904636,  0.00118814,  0.00954721, 0.214445
19518.0,  0.388161, 19.0000, 0.000953307,  -0.00375190,  0.00225565,   0.0576570, 0.329657
18617.0,  0.327322, 9.00000, 0.000657336,  -0.00449850,  0.00151089,  -0.0174041, 0.274864
21543.0,  0.324839, 19.0000,  0.00141181,  -0.00165915,  0.00148406,  -0.0526270, 0.491080
15814.0,  0.371177, 34.0000,  0.00187899,  -0.00237778,  0.00203710,    0.185195, 0.222825
6275.00,  0.273259, 26.0000,  0.00288333,  0.000483881,  0.00100611,   -0.311417, 0.219783
20545.0,  0.189457, 34.0000,  0.00927696,   0.00146139, 0.000537325,   -0.282039, 0.176187
15057.0,  0.246843, 16.0000,  0.00226313,  -0.00186428, 0.000824771,   0.0334587, 0.230201
8307.00,  0.436080, 38.0000,  0.00149292,   0.00114837,  0.00290797,   -0.154914, 0.465817
19523.0,  0.421841, 36.0000,  0.00151496,  0.000692344,  0.00270748,   -0.350026, 0.331468
11540.0,  0.216538, 19.0000,  0.00370549,  -0.00121929, 0.000659927,   -0.110053, 0.210500
15829.0,  0.248862, 26.0000,  0.00360586,  0.000261468, 0.000837264,    0.536636, 0.255342
18630.0,  0.359460, 20.0000,  0.00118559,  -0.00315876,  0.00189013,    0.104535, 0.294192
1354.00,  0.249436, 21.0000,  0.00289626, -0.000794225, 0.000840847,   -0.104690, 0.420320
6304.00,  0.190934, 10.0000,  0.00267522,  -0.00140994, 0.000543569,   -0.123587, 0.159788
20553.0,  0.348806, 23.0000,  0.00145705,  -0.00152886,  0.00175982,    0.158123, 0.273139
8351.00,  0.381125, 19.0000, 0.000991555,  -0.00248391,  0.00216440,   0.0150435, 0.274694
1371.00,  0.119343, 6.00000,  0.00551151, -0.000740079, 0.000282258,   -0.136852, 0.141846
15850.0,  0.250921, 21.0000,  0.00285508, -0.000980546, 0.000850174,  -0.0184769, 0.196892
8421.00,  0.479268, 32.0000,  0.00103885, -0.000872585,  0.00355869,   -0.196486, 0.361363
19545.0,  0.309131, 34.0000,  0.00282851,   0.00174317,  0.00132121,   -0.304504, 0.230474
14212.0,  0.204490, 19.0000,  0.00427481, -0.000286404, 0.000603047,   0.0118489, 0.148962
8495.00,  0.214981, 17.0000,  0.00337544, -0.000590428, 0.000652373,   0.0373660, 0.194635
20557.0,  0.435745, 34.0000,  0.00133788, -0.000940194,  0.00290319,  -0.0737206, 0.285593
18650.0,  0.113713, 3.00000,  0.00314094, -0.000420855, 0.000263785,    0.220486, 0.141138
21577.0,  0.420973, 37.0000,  0.00156374,  4.77861e-05,  0.00269557,   -0.150446, 0.515840
8555.00,  0.197704, 23.0000,  0.00563351,  9.09735e-06, 0.000572332,    0.185371, 0.181562
20562.0,  0.337542, 18.0000,  0.00122684,  -0.00184037,  0.00162669,    0.365474, 0.308038
19552.0,  0.438975, 57.0000,  0.00220914,   0.00699738,  0.00294946,    0.398002, 0.330723
18666.0,  0.296834, 11.0000,  0.00100492,  -0.00353379,  0.00120425,    0.281400, 0.274599
2784.00,  0.399991, 24.0000,  0.00112948,  -0.00236734,  0.00241151,  -0.0274122, 0.263463
4311.00,  0.296289, 25.0000,  0.00229366, -0.000758713,  0.00119928,   -0.198064, 0.226515
15860.0,  0.441981, 62.0000,  0.00236955,   0.00799599,  0.00299274,   -0.252018, 0.218278
15103.0,  0.397000, 23.0000,  0.00109982,  -0.00467829,  0.00237160,    0.195749, 0.293229
2789.00,  0.290479, 15.0000,  0.00144105,  -0.00255757,  0.00114705,  -0.0598085, 0.219047
4313.00,  0.391890, 38.0000,  0.00186799,   0.00633000,  0.00230447,    0.296879, 0.262784
11771.0,  0.257465, 32.0000,  0.00408941,   0.00178346, 0.000892018,  0.00622446, 0.412455
8598.00,  0.361196, 42.0000,  0.00246353,   0.00286138,  0.00191158,   -0.246852, 0.282228
19557.0,  0.444784, 22.0000, 0.000830010,  -0.00485248,  0.00303324, -0.00382983, 0.446877
15866.0,  0.190035, 23.0000,  0.00622720,  0.000134421, 0.000539766,  -0.0862297, 0.171023
20575.0,  0.198704, 23.0000,  0.00556226, -1.40260e-06, 0.000576578,   -0.380635, 0.166473
14250.0,  0.367180, 19.0000,  0.00107509,  -0.00441453,  0.00198667,    0.300961, 0.252280
8600.00,  0.437935, 42.0000,  0.00163573,   0.00482226,  0.00293453,    0.416564, 0.377373
2855.00,  0.245075, 34.0000,  0.00489359,  0.000750281, 0.000813341,   0.0114301, 0.212622
6422.00,  0.186455, 9.00000,  0.00255756,  -0.00119565, 0.000524293,   0.0587688, 0.148646
15868.0,  0.250716, 23.0000,  0.00313316, -0.000204994, 0.000848882,    0.126003, 0.164770
19559.0,  0.429997, 43.0000,  0.00173903,   0.00387869,  0.00282165, 0.000166724, 0.311212
20578.0,  0.290371, 23.0000,  0.00221153, -0.000707016,  0.00114613,    0.196737, 0.305232
2871.00,  0.292252, 27.0000,  0.00255739, -0.000548294,  0.00116232, -0.00443115, 0.284307
14258.0,  0.538760, 26.0000, 0.000673217,   0.00265218,  0.00462002,   -0.335568, 0.244128
15872.0,  0.206456, 13.0000,  0.00285554,  -0.00125350, 0.000611930,   0.0965183, 0.160236
20580.0,  0.375712, 33.0000,  0.00177627,   0.00160470,  0.00209448,    0.292931, 0.326864
14261.0,  0.285847, 27.0000,  0.00269314,   0.00114680,  0.00110761,   -0.157309, 0.195239
1403.00,  0.361378, 40.0000,  0.00234363,   0.00609686,  0.00191383,    -1.01373, 0.347226
15874.0,  0.402736, 23.0000,  0.00106684,  -0.00328133,  0.00244814,    0.784957, 0.357117
8662.00,  0.558160, 44.0000,  0.00106649,   0.00591668,  0.00503655,   -0.312333, 0.411017
20581.0,  0.204807, 16.0000,  0.00358588, -0.000491443, 0.000604478,  -0.0833511, 0.170745
15119.0,  0.324593, 58.0000,  0.00431713,   0.00462769,  0.00148141,    0.483741, 0.404878
18697.0,  0.107623, 20.0000,   0.0243232, -6.13044e-05, 0.000244997,  -0.0233930, 0.143104
8675.00,  0.496475, 35.0000,  0.00106006,   0.00390408,  0.00384137,   -0.685024, 0.327280
1415.00,  0.211864, 14.0000,  0.00288274,  -0.00102125, 0.000637379,   -0.207842, 0.196991
8700.00,  0.423438, 37.0000,  0.00154485,   0.00568637,  0.00272999,    0.182192, 0.275597
11996.0,  0.286703, 27.0000,  0.00267437,  -0.00181600,  0.00111484,    0.225440, 0.316548
14311.0,  0.336024, 23.0000,  0.00158354,  -0.00136083,  0.00160931,   -0.104030, 0.273407
8705.00,  0.394218, 11.0000, 0.000533940,  -0.00649406,  0.00233503,   0.0193834, 0.272612
8719.00,  0.117566, 27.0000,   0.0258281,  0.000559903, 0.000276489,   0.0358358, 0.141752
15129.0,  0.197395, 15.0000,  0.00368857,  -0.00135760, 0.000571019, 0.000312570, 0.160005
6479.00,  0.234549, 35.0000,  0.00560576,   0.00140282, 0.000753364,   -0.255249, 0.185001
14327.0,  0.420803, 34.0000,  0.00143816,  -0.00175081,  0.00269324,    0.508506, 0.312372
8742.00,  0.215368, 22.0000,  0.00434873, -0.000289922, 0.000654247,    0.557112, 0.222463
17773.0,  0.288027, 28.0000,  0.00274371,  0.000202311,  0.00112608,    0.183847, 0.234461
15132.0,  0.154382, 9.00000,  0.00416640, -0.000951472, 0.000401590,    0.194293, 0.146496
4417.00,  0.362084, 27.0000,  0.00157519,  -0.00148340,  0.00192256,    0.316958, 0.337332
12199.0,  0.310404, 10.0000, 0.000824112,  -0.00414277,  0.00133380,    0.178020, 0.413615
14331.0,  0.221159, 21.0000,  0.00388670, -0.000399831, 0.000682497,    0.379520, 0.171069
15136.0,  0.148743, 18.0000,  0.00918832,  0.000140603, 0.000381436,   -0.226075, 0.145534
15897.0,  0.174885, 46.0000,   0.0154030,   0.00290444, 0.000477380,   -0.213165, 0.169774
6530.00,  0.194825, 33.0000,  0.00838815,  0.000925349, 0.000560092,   -0.128755, 0.177829
12213.0,  0.350660, 13.0000, 0.000813935,  -0.00448704,  0.00178204,   0.0701029, 0.356475
15137.0,  0.278904, 12.0000,  0.00126807,  -0.00289076,  0.00105001,   0.0728462, 0.201246
15901.0,  0.204740, 36.0000,  0.00807486,   0.00159147, 0.000604175,   0.0193807, 0.157086
19593.0,  0.375455, 42.0000,  0.00226406,   0.00412054,  0.00209122,  -0.0381779, 0.259972
6535.00,  0.305949, 30.0000,  0.00255578,  0.000330109,  0.00129004,   -0.502060, 0.203332
13441.0,  0.288760, 12.0000,  0.00116892,  -0.00265148,  0.00113233,  -0.0520002, 0.261688
8793.00,  0.436230, 21.0000, 0.000824452,  -0.00423168,  0.00291012,  0.00596948, 0.339359
2926.00,  0.304287, 29.0000,  0.00250176,  0.000477190,  0.00127331,   0.0791803, 0.240526
15160.0,  0.252226, 33.0000,  0.00443081,   0.00169692, 0.000858432,   -0.272587, 0.195521
6556.00,  0.258234, 46.0000,  0.00583665,   0.00239107, 0.000897974,   -0.555766, 0.195652
19599.0,  0.507535, 23.0000, 0.000667412,  -0.00424390,  0.00403202,  -0.0231096, 0.472414
6558.00, 0.0573852, 7.00000,   0.0493808, -0.000105905, 9.95135e-05,   0.0517228, 0.155268
17809.0,  0.288955, 45.0000,  0.00437654,   0.00426076,  0.00113400,   0.0341984, 0.199389
15161.0,  0.249554, 41.0000,  0.00564816,   0.00256077, 0.000841585,   -0.110276, 0.172554
15909.0,  0.218040, 27.0000,  0.00517613,  0.000746601, 0.000667243,   -0.268405, 0.183172
6560.00,  0.273265, 70.0000,  0.00776241,   0.00729154,  0.00100615,   0.0710277, 0.282406
14343.0,  0.343052, 34.0000,  0.00223504,   0.00144909,  0.00169134,   -0.278723, 0.198222
20625.0,  0.108128, 15.0000,   0.0180109, -7.73077e-06, 0.000246564,   0.0596933, 0.142762
15916.0,  0.466231, 25.0000, 0.000857469,   0.00353785,  0.00335455,   -0.682735, 0.382178
1461.00,  0.341186, 17.0000,  0.00113120,  -0.00293552,  0.00166935,   -0.220613, 0.230614
18740.0,  0.154411, 23.0000,   0.0106422,  0.000155069, 0.000401693,   -0.115614, 0.139085
8888.00,  0.398215, 44.0000,  0.00209037,   0.00683383,  0.00238758,   -0.197457, 0.312666
13452.0,  0.455383, 25.0000, 0.000899105,  -0.00591046,  0.00318989,    0.248162, 0.346323
18741.0,  0.311984, 47.0000,  0.00382855,   0.00512889,  0.00134951,    0.160276, 0.353864
19632.0,  0.314750, 10.0000, 0.000798314,  -0.00400521,  0.00137721,   0.0542024, 0.214489
18747.0,  0.495531, 33.0000,  0.00100321, -0.000526208,  0.00382543,   -0.170249, 0.516401
4490.00,  0.496252, 32.0000, 0.000970050,  0.000997073,  0.00383760,   -0.433625, 0.611508
16973.0,  0.376242, 39.0000,  0.00209282,   0.00192815,  0.00210168,   -0.707461, 0.375876
18749.0,  0.190638, 21.0000,  0.00564013,  0.000172753, 0.000542316,   -0.188412, 0.169307
3080.00,  0.174404, 26.0000,  0.00876802,  0.000588516, 0.000475578,   -0.109736, 0.146181
14375.0,  0.323264, 37.0000,  0.00277975,   0.00352227,  0.00146713,   -0.433828, 0.184400
20663.0,  0.299569, 24.0000,  0.00214647,  0.000377095,  0.00122938,  -0.0413388, 0.265545
1504.00,  0.317369, 22.0000,  0.00172341, -0.000469170,  0.00140473,   0.0668520, 0.219991
15941.0,  0.326069, 35.0000,  0.00257856,  0.000825191,  0.00149733,   -0.187071, 0.249531
19652.0,  0.245953, 4.00000, 0.000570751,  -0.00353101, 0.000819324,   -0.341558, 0.232426
3087.00,  0.165510, 17.0000,  0.00656363,  0.000235190, 0.000442144,  -0.0525844, 0.146506
14382.0,  0.417805, 37.0000,  0.00158859,   0.00532611,  0.00265217,    0.162871, 0.363279
15198.0,  0.289402, 19.0000,  0.00184122,  -0.00149963,  0.00113782,  -0.0136663, 0.163940
16977.0,  0.384021, 32.0000,  0.00164298,  -0.00217173,  0.00220171,   -0.137691, 0.317402
15942.0,  0.345540, 29.0000,  0.00187594,  9.79986e-05,  0.00172085,  0.00347163, 0.226607
8921.00,  0.145387, 25.0000,   0.0135530,  0.000467986, 0.000370002,   0.0942721, 0.151312
6648.00,  0.435870, 30.0000,  0.00117979,  -0.00107466,  0.00290497,   -0.171768, 0.412330
15201.0,  0.208812, 30.0000,  0.00640521,  0.000330506, 0.000622594,    0.204469, 0.191007
6683.00,  0.508965, 18.0000, 0.000519490,  -0.00851900,  0.00405725,    0.232824, 0.591515
13476.0,  0.275720, 14.0000,  0.00152001,  -0.00218273,  0.00102510,    0.221242, 0.235558
15203.0,  0.204439, 10.0000,  0.00225131,  -0.00170411, 0.000602817,   0.0844463, 0.161610
3150.00,  0.333268, 18.0000,  0.00126241,  -0.00345043,  0.00157795,  -0.0525703, 0.272036
15944.0,  0.201863, 9.00000,  0.00209177,  -0.00191085, 0.000591227,    0.771317, 0.236342
17849.0,  0.353462, 17.0000,  0.00104581,  -0.00189151,  0.00181642,   -0.217173, 0.307793
15945.0,  0.309534, 16.0000,  0.00132709,  -0.00334157,  0.00132519,   -0.209664, 0.289795
1545.00, 0.0988713, 31.0000,   0.0475600,   0.00213244, 0.000218435,    0.832184, 0.200480
6709.00,  0.280494, 20.0000,  0.00208538,  -0.00153903,  0.00106256,    0.138823, 0.344675
19668.0,  0.407113, 24.0000,  0.00108808,  2.42998e-05,  0.00250676,    0.150641, 0.225802
17031.0,  0.390602, 17.0000, 0.000841583,  -0.00440488,  0.00228758,   0.0399097, 0.428385
4547.00,  0.441182, 20.0000, 0.000767208,  -0.00327048,  0.00298122,   -0.134629, 0.304237
18787.0,  0.190228, 25.0000,  0.00675126,  0.000427581, 0.000540582,    0.345006, 0.169505
20685.0,  0.422040, 8.00000, 0.000336327,  -0.00704511,  0.00271021,    0.152175, 0.308439
14403.0,  0.289816, 44.0000,  0.00424968,   0.00402643,  0.00114137,    0.196862, 0.206366
9020.00,  0.377698, 15.0000, 0.000798230,  -0.00282906,  0.00212035,   0.0318059, 0.386656
15950.0,  0.220428, 29.0000,  0.00541150,  0.000479752, 0.000678917,   -0.375257, 0.199190
18789.0,  0.306192, 49.0000,  0.00416682,   0.00655049,  0.00129240,   0.0315514, 0.229002
15219.0,  0.247421, 21.0000,  0.00295360, -0.000464724, 0.000828329,   0.0948168, 0.168139
4579.00,  0.452051, 25.0000, 0.000912585,   0.00177604,  0.00314041,   0.0716258, 0.397758
15220.0,  0.464547, 30.0000,  0.00103646,  -0.00380195,  0.00332878,    0.229029, 0.416592
6743.00,  0.362142, 38.0000,  0.00221616,  0.000208637,  0.00192328,   0.0247442, 0.323233
18797.0,  0.365307, 30.0000,  0.00171658, -0.000287512,  0.00196311,  -0.0827378, 0.207568
17884.0,  0.238926, 19.0000,  0.00290884, -0.000792311, 0.000777974,   0.0635518, 0.172379
6780.00,  0.204064, 9.00000,  0.00203554,  -0.00176460, 0.000601126,   -0.267777, 0.179743
1576.00,  0.476722, 38.0000,  0.00124674,   0.00282341,  0.00351839,  -0.0742944, 0.394130
4612.00,  0.394945, 37.0000,  0.00178894,  -0.00177748,  0.00234458,   0.0449344, 0.346341
15953.0,  0.355483, 32.0000,  0.00194397,   0.00106112,  0.00184117,    0.151105, 0.376917
12860.0,  0.121679, 11.0000,  0.00958954, -2.33437e-05, 0.000289828,  0.00800058, 0.146880
20709.0,  0.390557, 58.0000,  0.00287199,   0.00603477,  0.00228699,   -0.422369, 0.356012
9109.00,  0.281658, 23.0000,  0.00237496, -0.000464934,  0.00107270,   0.0570985, 0.200111
18804.0,  0.198426, 11.0000,  0.00266962,  -0.00127217, 0.000575398,   -0.116841, 0.148509
13497.0,  0.395788, 18.0000, 0.000866349,  -0.00350757,  0.00235566,   -0.129280, 0.273159
15226.0,  0.288597, 40.0000,  0.00390153,   0.00360534,  0.00113094,   -0.525690, 0.229249
9133.00,  0.267374, 49.0000,  0.00572193,   0.00394562, 0.000961565,  -0.0696109, 0.297499
17899.0,  0.288815, 18.0000,  0.00175260,  -0.00146886,  0.00113280,   -0.151559, 0.221694
14421.0,  0.175041, 17.0000,  0.00567937, -0.000164360, 0.000477964,    0.298141, 0.153636
6816.00,  0.353482, 32.0000,  0.00196833,   0.00177366,  0.00181667,  -0.0440727, 0.267819
19708.0,  0.237445, 24.0000,  0.00373044, -0.000166627, 0.000769579,   -0.468095, 0.169000
15967.0,  0.320039, 36.0000,  0.00276688,   0.00316442,  0.00143278,   -0.331304, 0.288285
14437.0,  0.149267, 10.0000,  0.00505758, -0.000456169, 0.000383209,  -0.0381445, 0.142378
20719.0,  0.373119, 37.0000,  0.00202172,   0.00645162,  0.00206166,    0.401516, 0.309083
14438.0,  0.297526, 44.0000,  0.00399804,   0.00283327,  0.00121058,    0.190544, 0.201851
18827.0,  0.299006, 48.0000,  0.00431167,   0.00422066,  0.00122419,    0.412690, 0.202736
13506.0,  0.244619, 16.0000,  0.00231329,  -0.00177222, 0.000810698,  -0.0115796, 0.217611
12879.0,  0.364989, 91.0000,  0.00521690,    0.0122597,  0.00195912,    0.483780, 0.356054
3205.00,  0.147551, 16.0000,  0.00834235, -0.000104552, 0.000377390,    0.814047, 0.187336
20722.0,  0.301347, 20.0000,  0.00176443,  -0.00110869,  0.00124587,  -0.0651018, 0.240680
6875.00,  0.167440, 23.0000,  0.00861723, -0.000106422, 0.000449387,    0.925769, 0.300650
15234.0,  0.136358, 27.0000,   0.0173490,   0.00112969, 0.000338881,    0.305496, 0.148129
15971.0,  0.315882, 29.0000,  0.00229622,   0.00127514,  0.00138859,    0.202376, 0.219395
12881.0,  0.238109, 34.0000,  0.00524892,  0.000331277, 0.000773335,  -0.0178695, 0.237695
3206.00,  0.417071, 31.0000,  0.00133588,   0.00362439,  0.00264213,    0.190732, 0.263778
18836.0,  0.300084, 25.0000,  0.00222704,  -0.00105322,  0.00123415,    0.193049, 0.325901
20723.0,  0.377305, 25.0000,  0.00133338,   0.00157218,  0.00211531,   -0.142819, 0.316749
17908.0,  0.233889, 15.0000,  0.00241908,  -0.00130449, 0.000748967,    0.171285, 0.244702
19723.0,  0.255413, 26.0000,  0.00338707,  0.000364226, 0.000878793, -0.00225702, 0.180028
21813.0,  0.325169, 27.0000,  0.00200165,  8.79072e-05,  0.00148761,   -0.536256, 0.329028
3225.00,  0.341914, 19.0000,  0.00125828,  -0.00231918,  0.00167791,   -0.205298, 0.305642
14445.0,  0.236980, 13.0000,  0.00203034,  -0.00190932, 0.000766956,   -0.180050, 0.222602
20725.0,  0.363129, 34.0000,  0.00197109,   0.00223307,  0.00193550,   0.0559144, 0.316453
13511.0,  0.237440, 33.0000,  0.00512962,  0.000714927, 0.000769550,    0.112489, 0.188688
6895.00,  0.217546, 24.0000,  0.00462697, -1.83185e-05, 0.000664834,   -0.363763, 0.180774
6896.00,  0.335040, 33.0000,  0.00228703,   0.00128196,  0.00159809,   0.0232519, 0.364705
13520.0,  0.269329, 25.0000,  0.00286926, -0.000583177, 0.000975481,   -0.337416, 0.221363
15987.0,  0.440930, 47.0000,  0.00180505,   0.00304060,  0.00297759,    0.538535, 0.351217
6903.00,  0.253282, 22.0000,  0.00292431, -0.000668480, 0.000865150,   -0.395349, 0.207745
14456.0,  0.329562, 17.0000,  0.00122267,  -0.00345086,  0.00153624,   0.0584170, 0.217321
4676.00,  0.245025, 43.0000,  0.00619202,   0.00238761, 0.000813051,    0.114621, 0.173882
6913.00,  0.381163, 14.0000, 0.000730463,  -0.00511183,  0.00216489,   -0.331834, 0.324749
15988.0,  0.361309, 40.0000,  0.00234461,   0.00197948,  0.00191298,    0.238675, 0.345827
4682.00,  0.402323, 45.0000,  0.00209183,   0.00422176,  0.00244262,   -0.285093, 0.321550
6914.00,  0.414257, 24.0000,  0.00104900,  -0.00186850,  0.00260369,    0.254619, 0.292639
15260.0,  0.253699, 24.0000,  0.00317755, -0.000611049, 0.000867812,   0.0103411, 0.208869
6936.00,  0.180212, 11.0000,  0.00341015, -0.000791160, 0.000499176, 0.000575871, 0.158895
15992.0,  0.364455, 22.0000,  0.00126527,   0.00126147,  0.00195242,    0.426155, 0.349116
13529.0,  0.302444, 34.0000,  0.00297447,   0.00129700,  0.00125608,   -0.520394, 0.241717
15263.0,  0.467976, 24.0000, 0.000817033,  -0.00501410,  0.00338132,   -0.125512, 0.396280
14480.0,  0.330796, 23.0000,  0.00164033,  -0.00105299,  0.00155005,  0.00516765, 0.324793
3256.00,  0.108225, 11.0000,   0.0131758, -0.000612807, 0.000246865,   0.0684363, 0.144409
14481.0,  0.243538, 26.0000,  0.00379969,  0.000645835, 0.000804442,    0.237638, 0.196661
15998.0,  0.340980, 30.0000,  0.00199893, -0.000620170,  0.00166693,  -0.0754121, 0.260659
4737.00,  0.465436, 62.0000,  0.00213381,    0.0121321,  0.00334238,   -0.132718, 0.296328
20750.0,  0.305661, 25.0000,  0.00213443,  -0.00105211,  0.00128725,   -0.118567, 0.273788
17945.0,  0.329549, 22.0000,  0.00158242,  -0.00214836,  0.00153609,    0.124671, 0.320814
19757.0,  0.219044, 14.0000,  0.00265352,  -0.00137496, 0.000672146,   0.0781485, 0.253859
18909.0,  0.227910, 32.0000,  0.00549921,  0.000414234, 0.000717611,    0.266788, 0.163370
20757.0,  0.365467, 27.0000,  0.00154345,  -0.00135099,  0.00196512,   -0.305763, 0.348853
17168.0,  0.185192, 43.0000,   0.0124331,   0.00275000, 0.000519212,   0.0882073, 0.168470
15268.0,  0.298563, 30.0000,  0.00270406,   0.00127008,  0.00122011,  -0.0175477, 0.206203
19764.0,  0.405473, 47.0000,  0.00214906,    0.0112667,  0.00248477,    0.243685, 0.415904
17949.0,  0.264127, 37.0000,  0.00444819,   0.00188529, 0.000938645,   0.0535694, 0.242858
20764.0,  0.165901, 11.0000,  0.00422113, -0.000672280, 0.000443609,   -0.183043, 0.172634
18940.0,  0.212362, 23.0000,  0.00470829, -0.000207184, 0.000639761,   -0.159267, 0.155520
15272.0,  0.280459, 10.0000,  0.00104299,  -0.00312774,  0.00106228,   -0.331122, 0.210960
16021.0,  0.124597, 21.0000,   0.0171759,  0.000422981, 0.000299216,  -0.0763740, 0.139195
20768.0,  0.238260, 44.0000,  0.00678223,   0.00187701, 0.000774191,    0.223845, 0.263604
17952.0,  0.349582, 33.0000,  0.00208028,  0.000616348,  0.00176912,   0.0731302, 0.276905
18942.0,  0.406594, 29.0000,  0.00131831, -0.000765051,  0.00249980,   0.0543833, 0.287316
15287.0,  0.237679, 11.0000,  0.00170568,  -0.00231147, 0.000770901,    0.180723, 0.161852
19769.0,  0.252512, 16.0000,  0.00214241,  -0.00139384, 0.000860248,   -0.377558, 0.212696
3317.00,  0.161011, 5.00000,  0.00207389,  -0.00118795, 0.000425206,   -0.162708, 0.147239
18943.0,  0.350196, 38.0000,  0.00238618,   0.00178001,  0.00177648,   0.0862746, 0.248868
19772.0,  0.175149, 18.0000,  0.00600392,  0.000111536, 0.000478368,   -0.498110, 0.165419
18947.0,  0.362111, 36.0000,  0.00209991,   0.00129459,  0.00192290,    0.202357, 0.275299
17186.0, 0.0788161, 17.0000,   0.0489196,  0.000318856, 0.000160299,    0.350569, 0.150292
15301.0,  0.179833, 41.0000,   0.0127793,   0.00173564, 0.000497655,   0.0140364, 0.150955
19775.0,  0.138092, 6.00000,  0.00372794, -0.000892412, 0.000344660,  -0.0498304, 0.147532
20791.0,  0.335856, 30.0000,  0.00206780,  -0.00141244,  0.00160740,   0.0367101, 0.248871
14522.0,  0.438058, 42.0000,  0.00163479,  -0.00197389,  0.00293630,    0.158723, 0.300948
15303.0,  0.234351, 15.0000,  0.00240744,  -0.00138617, 0.000752267,    0.391236, 0.200112
17967.0,  0.378414, 20.0000,  0.00105996,  -0.00241958,  0.00212954,    0.118369, 0.279682
14524.0,  0.272173, 62.0000,  0.00694074,   0.00705280, 0.000997811,  -0.0274246, 0.202977
21888.0,  0.342403, 81.0000,  0.00534719,   0.00610714,  0.00168368,   -0.266594, 0.373692
16048.0,  0.380767, 28.0000,  0.00146420,  0.000345831,  0.00215979,   -0.362155, 0.309433
19778.0,  0.396570, 22.0000,  0.00105443,  -0.00314567,  0.00236595,    0.436593, 0.279204
15324.0,  0.392801, 63.0000,  0.00308161,   0.00875031,  0.00231642,   -0.228477, 0.235802
20828.0,  0.358376, 31.0000,  0.00184990,  0.000268940,  0.00187676,    0.100929, 0.386234
15325.0,  0.213997, 43.0000,  0.00863589,   0.00238934, 0.000647618,  -0.0179569, 0.172380
16069.0,  0.128250, 4.00000,  0.00302743, -0.000803921, 0.000311564,  -0.0151736, 0.148391
17218.0,  0.178393, 18.0000,  0.00572732,  0.000216042, 0.000491889,   -0.108888, 0.174535
16073.0,  0.154716, 13.0000,  0.00598416, -0.000160737, 0.000402781,    0.216129, 0.145255
18959.0,  0.401237, 28.0000,  0.00130906, -0.000779509,  0.00242812,   0.0824633, 0.316747
15347.0,  0.270007, 24.0000,  0.00273810,  0.000132428, 0.000981455,   -0.485856, 0.208388
18961.0,  0.371537, 19.0000,  0.00104781,  1.84832e-05,  0.00204166,    0.616515, 0.318081
15351.0,  0.316355, 24.0000,  0.00189385, -0.000512200,  0.00139336,   -0.168318, 0.281173
18965.0,  0.205871, 22.0000,  0.00486693, -5.90945e-05, 0.000609285,  -0.0291518, 0.160117
20842.0,  0.368422, 23.0000,  0.00129187,  -0.00234546,  0.00200232,   -0.326390, 0.283748
15353.0,  0.313149, 12.0000, 0.000969203,  -0.00337784,  0.00136115,   -0.170782, 0.222385
20844.0,  0.454329, 34.0000,  0.00122853,  -0.00327900,  0.00317421,   -0.195341, 0.373321
15356.0,  0.274927, 32.0000,  0.00349803,   0.00135899,  0.00101895,   -0.197483, 0.197775
22075.0,  0.130028, 17.0000,   0.0124008,  0.000189897, 0.000317561,   -0.222109, 0.165020
18971.0,  0.271354, 16.0000,  0.00180399,  -0.00194714, 0.000991595,   -0.188788, 0.250632
15359.0,  0.311973, 8.00000, 0.000651721,  -0.00491990,  0.00134940,   -0.357438, 0.217988
19818.0,  0.305031, 26.0000,  0.00223038,  0.000109451,  0.00128115,  -0.0782035, 0.207506
18972.0,  0.330984, 14.0000, 0.000997186,  -0.00308471,  0.00155217,   -0.363736, 0.271917
18011.0,  0.283961, 6.00000, 0.000607828,  -0.00425711,  0.00109178,  -0.0640982, 0.323275
16093.0,  0.336029, 16.0000,  0.00110156,  -0.00269226,  0.00160937,   0.0363861, 0.251316
19821.0,  0.266012, 40.0000,  0.00472806,   0.00279731, 0.000951918,  -0.0104887, 0.215711
15365.0,  0.187958, 4.00000,  0.00111369,  -0.00181412, 0.000531014,    0.144778, 0.156777
19825.0,  0.383011, 20.0000,  0.00103270,  -0.00256820,  0.00218869,   -0.670444, 0.217579
16116.0,  0.156492, 12.0000,  0.00536127, -0.000315648, 0.000409118,    0.175570, 0.154941
19826.0,  0.381584, 35.0000,  0.00182181,   0.00561246,  0.00217031,   -0.233018, 0.228011
18993.0,  0.348410, 44.0000,  0.00279444,  0.000393966,  0.00175509,    0.145316, 0.269808
15370.0,  0.519708, 38.0000,  0.00105353,   0.00790765,  0.00425143,    0.155537, 0.331170
19000.0,  0.286131, 33.0000,  0.00328398,   0.00104778,  0.00111001,  -0.0184139, 0.182710
16127.0,  0.375227, 25.0000,  0.00134943,   0.00132975,  0.00208834,   -0.112186, 0.263063
19002.0,  0.270999, 37.0000,  0.00418469,   0.00249814, 0.000988913,  -0.0426868, 0.169457
15383.0,  0.316063, 19.0000,  0.00150246, -0.000188558,  0.00139042,    0.133337, 0.242743
15418.0,  0.348971, 32.0000,  0.00202508, -9.06772e-05,  0.00176180,  0.00891493, 0.255513
1032.00,  0.129755, 2.00000,  0.00146714,  -0.00103407, 0.000316640,   -0.165371, 0.170916
2561.00,  0.118129, 15.0000,   0.0141646,  2.21039e-05, 0.000278318,  -0.0353477, 0.140473
2689.00,  0.161489, 7.00000,  0.00288109, -0.000938138, 0.000426901,  -0.0448877, 0.157926
3241.00,  0.259082, 26.0000,  0.00327317,  1.11312e-05, 0.000903731,    0.197193, 0.196598
6057.00, 0.0670718, 15.0000,   0.0679555,  0.000518332, 0.000126805,  -0.0830256, 0.151337
6406.00,  0.124488, 30.0000,   0.0245946,  0.000794830, 0.000298869,   -0.102114, 0.137188
6638.00,  0.325731, 9.00000, 0.000664616,  -0.00435944,  0.00149367,   -0.514673, 0.278318
6851.00,  0.304822, 40.0000,  0.00343677,   0.00246991,  0.00127833,   0.0200456, 0.232697
11120.0,  0.107264, 6.00000,  0.00736371, -0.000241934, 0.000243885,  -0.0108739, 0.171810
11306.0,  0.273512, 33.0000,  0.00365162,   0.00213719,  0.00100804,  -0.0257353, 0.261561
11311.0,  0.204532, 22.0000,  0.00494723,  9.18040e-05, 0.000603237,   -0.284916, 0.207309
13099.0,  0.266025, 18.0000,  0.00212737,  -0.00148139, 0.000952012, -0.00747028, 0.240469
13135.0,  0.104671, 44.0000,   0.0577355,   0.00246373, 0.000235860,  -0.0918415, 0.138117
13354.0,  0.157625, 23.0000,   0.0100837,  0.000430088, 0.000413162,  -0.0385571, 0.145648
13545.0,  0.214018, 31.0000,  0.00622435, -6.62609e-05, 0.000647720,   -0.138977, 0.231956
13802.0,  0.313563, 18.0000,  0.00144942,  -0.00254421,  0.00136529,   -0.293819, 0.310605
14279.0, 0.0453895, 12.0000,    0.165805,  0.000161959, 6.47405e-05,   -0.250045, 0.154586
14284.0,  0.181066, 19.0000,  0.00581932,  6.91562e-05, 0.000502608,   -0.342318, 0.144155
14340.0,  0.277441, 14.0000,  0.00149786,  -0.00232750,  0.00103852,   -0.168008, 0.217448
14377.0,  0.139410, 20.0000,   0.0121170,  0.000244198, 0.000349023,    0.126328, 0.141769
14593.0,  0.307205, 15.0000,  0.00126590,  -0.00251666,  0.00130229,   -0.617417, 0.225398
14816.0,  0.107221, 15.0000,   0.0184297,  0.000107257, 0.000243750,   -0.269997, 0.139661
15222.0,  0.199430, 26.0000,  0.00623025,  0.000418985, 0.000580362,   -0.278912, 0.164417
15425.0,  0.159892, 17.0000,  0.00718052, -0.000428338, 0.000421234,   -0.233800, 0.141692
15443.0,  0.181908, 14.0000,  0.00423731,  -0.00154270, 0.000505994,   0.0535190, 0.147329
15587.0,  0.218847, 25.0000,  0.00474899, -0.000141609, 0.000671185,   0.0359983, 0.161952
15648.0,  0.175017, 29.0000,  0.00969171,  0.000672000, 0.000477876,   -0.195920, 0.172365
16038.0,  0.419782, 33.0000,  0.00140295,    0.0134034,  0.00267925,    0.323828, 0.336910
16172.0,  0.219365, 24.0000,  0.00453243, -0.000578101, 0.000673714,    0.393832, 0.247786
16259.0,  0.119078, 10.0000,  0.00924124, -0.000277394, 0.000281396,   -0.202694, 0.155218
16287.0,  0.107356, 11.0000,   0.0134688, -0.000317459, 0.000244168,   -0.133779, 0.144481
17206.0,  0.156466, 33.0000,   0.0147499,  0.000566181, 0.000409025,  -0.0601572, 0.178461
17784.0, 0.0370690, 2.00000,   0.0496370,  1.29801e-05, 3.94712e-05,    0.109733, 0.163666
18201.0,  0.293032, 37.0000,  0.00348290,   0.00142620,  0.00116906,  -0.0518047, 0.258505
18647.0,  0.212697, 26.0000,  0.00530157,  0.000334212, 0.000641364,   0.0712465, 0.197308
18835.0,  0.123186, 15.0000,   0.0126503, -2.09748e-05, 0.000294689,  0.00226429, 0.139914
18855.0,  0.127832, 4.00000,  0.00305406, -0.000719770, 0.000309478,   0.0477855, 0.140860
19616.0,  0.165485, 17.0000,  0.00656616, -0.000642274, 0.000442051,  -0.0531901, 0.143490
20386.0,  0.307786, 36.0000,  0.00302503,   0.00155504,  0.00130797,   -0.252180, 0.212235
20721.0,  0.211779, 18.0000,  0.00371009, -0.000599371, 0.000636973,  0.00369632, 0.241219
20788.0,  0.393369, 40.0000,  0.00195055,   0.00295978,  0.00232388,    0.416707, 0.302451
20889.0,  0.209390, 28.0000,  0.00593702, -5.51011e-05, 0.000625212,   -0.303350, 0.246837
21502.0, 0.0891632, 12.0000,   0.0244903,  0.000132312, 0.000190109,  -0.0909649, 0.148503
22006.0,  0.395454, 22.0000,  0.00106078,   0.00101081,  0.00235128,    0.150859, 0.396610